Control,Theme,Applicable,Status,Primary Evidence
A.5.1 Policies for information security,Organizational,Yes,Implemented,P-001
A.5.2 Information security roles and responsibilities,Organizational,Yes,Implemented,ISMS roles matrix
A.5.3 Segregation of duties,Organizational,Yes,Implemented,Access procedures
A.5.4 Management responsibilities,Organizational,Yes,Implemented,Management review
A.5.5 Contact with authorities,Organizational,Yes,Planned,Legal register
A.5.6 Contact with special interest groups,Organizational,Yes,Planned,Security governance
A.5.7 Threat intelligence,Organizational,Yes,Partial,Threat monitoring
A.5.8 Information security in project management,Organizational,Yes,Implemented,Project plan
A.5.9 Inventory of information and other associated assets,Organizational,Yes,Implemented,Asset Register
A.5.10 Acceptable use of information and other associated assets,Organizational,Yes,Implemented,P-005
A.5.11 Return of assets,Organizational,Yes,Implemented,PR-001/006
A.5.12 Classification of information,Organizational,Yes,Implemented,P-004
A.5.13 Labelling of information,Organizational,Yes,Partial,Data handling records
A.5.14 Information transfer,Organizational,Yes,Implemented,Transfer procedures
A.5.15 Access control,Organizational,Yes,Implemented,P-002
A.5.16 Identity management,Organizational,Yes,Implemented,PR-001/002
A.5.17 Authentication information,Organizational,Yes,Implemented,P-006
A.5.18 Access rights,Organizational,Yes,Implemented,Access reviews
A.5.19 Information security in supplier relationships,Organizational,Yes,Implemented,P-009
A.5.20 Addressing information security within supplier agreements,Organizational,Yes,Implemented,Supplier contracts
A.5.21 Managing information security in ICT supply chain,Organizational,Yes,Implemented,Supplier register
A.5.22 Monitoring, review and change management of supplier services,Organizational,Yes,Implemented,Supplier reviews
A.5.23 Information security for use of cloud services,Organizational,Yes,Implemented,AWS assessment
A.5.24 Incident management planning and preparation,Organizational,Yes,Implemented,P-010/PR-012
A.5.25 Assessment and decision on information security events,Organizational,Yes,Implemented,PR-011
A.5.26 Response to information security incidents,Organizational,Yes,Implemented,Incident Register
A.5.27 Learning from information security incidents,Organizational,Yes,Implemented,Lessons learned
A.5.28 Collection of evidence,Organizational,Yes,Implemented,PR-013
A.5.29 Information security during disruption,Organizational,Yes,Implemented,BC/DR records
A.5.30 ICT readiness for business continuity,Organizational,Yes,Partial,DR test
A.5.31 Legal, statutory, regulatory and contractual requirements,Organizational,Yes,Implemented,Legal register
A.5.32 Intellectual property rights,Organizational,Yes,Implemented,Legal controls
A.5.33 Protection of records,Organizational,Yes,Implemented,P-018
A.5.34 Privacy and protection of PII,Organizational,Yes,Implemented,P-017
A.5.35 Independent review of information security,Organizational,Yes,Implemented,Internal audit
A.5.36 Compliance with policies, rules and standards,Organizational,Yes,Implemented,Audit checklist
A.5.37 Documented operating procedures,Organizational,Yes,Implemented,04-Procedures
A.6.1 Screening,People,Yes,Implemented,HR process
A.6.2 Terms and conditions of employment,People,Yes,Implemented,Employment terms
A.6.3 Information security awareness, education and training,People,Yes,Implemented,P-019/PR-023
A.6.4 Disciplinary process,People,Yes,Implemented,HR process
A.6.5 Responsibilities after termination or change,People,Yes,Implemented,PR-001
A.6.6 Confidentiality or non-disclosure agreements,People,Yes,Implemented,Employment/contracts
A.6.7 Remote working,People,Yes,Implemented,P-008
A.6.8 Information security event reporting,People,Yes,Implemented,Incident reporting
A.7.1 Physical security perimeters,Physical,Yes,Implemented,Office controls
A.7.2 Physical entry,Physical,Yes,Implemented,Office access
A.7.3 Securing offices, rooms and facilities,Physical,Yes,Implemented,Office controls
A.7.4 Physical security monitoring,Physical,Yes,Partial,Building controls
A.7.5 Protecting against physical and environmental threats,Physical,Yes,Implemented,Facilities controls
A.7.6 Working in secure areas,Physical,Yes,Implemented,Office procedures
A.7.7 Clear desk and clear screen,Physical,Yes,Implemented,Awareness
A.7.8 Equipment siting and protection,Physical,Yes,Implemented,Endpoint controls
A.7.9 Security of assets off-premises,Physical,Yes,Implemented,P-008
A.7.10 Storage media,Physical,Yes,Implemented,Media handling
A.7.11 Supporting utilities,Physical,Yes,Implemented,Facilities/vendor controls
A.7.12 Cabling security,Physical,Yes,Implemented,Office controls
A.7.13 Equipment maintenance,Physical,Yes,Implemented,IT process
A.7.14 Secure disposal or re-use of equipment,Physical,Yes,Implemented,PR-006
A.8.1 User endpoint devices,Technological,Yes,Implemented,P-008
A.8.2 Privileged access rights,Technological,Yes,Implemented,PR-004
A.8.3 Information access restriction,Technological,Yes,Implemented,P-002
A.8.4 Access to source code,Technological,Yes,Implemented,Source repository controls
A.8.5 Secure authentication,Technological,Yes,Implemented,P-006
A.8.6 Capacity management,Technological,Yes,Implemented,Monitoring records
A.8.7 Protection against malware,Technological,Yes,Implemented,Endpoint protection
A.8.8 Management of technical vulnerabilities,Technological,Yes,Implemented,P-012/PR-009
A.8.9 Configuration management,Technological,Yes,Implemented,Change/configuration records
A.8.10 Information deletion,Technological,Yes,Implemented,Disposal procedures
A.8.11 Data masking,Technological,Yes,Partial,Test-data controls
A.8.12 Data leakage prevention,Technological,Yes,Partial,DLP controls
A.8.13 Information backup,Technological,Yes,Implemented,P-015/PR-014
A.8.14 Redundancy of information processing facilities,Technological,Yes,Partial,AWS architecture
A.8.15 Logging,Technological,Yes,Implemented,P-014
A.8.16 Monitoring activities,Technological,Yes,Implemented,Security monitoring
A.8.17 Clock synchronization,Technological,Yes,Implemented,Cloud time sync
A.8.18 Use of privileged utility programs,Technological,Yes,Implemented,Privileged access
A.8.19 Installation of software on operational systems,Technological,Yes,Implemented,Endpoint/change controls
A.8.20 Networks security,Technological,Yes,Implemented,Network controls
A.8.21 Security of network services,Technological,Yes,Implemented,Network service configuration
A.8.22 Segregation of networks,Technological,Yes,Implemented,Cloud/network architecture
A.8.23 Web filtering,Technological,Yes,Partial,Endpoint/web controls
A.8.24 Use of cryptography,Technological,Yes,Implemented,P-007
A.8.25 Secure development life cycle,Technological,Yes,Implemented,P-013
A.8.26 Application security requirements,Technological,Yes,Implemented,SDLC requirements
A.8.27 Secure system architecture and engineering principles,Technological,Yes,Implemented,Architecture review
A.8.28 Secure coding,Technological,Yes,Implemented,Code review
A.8.29 Security testing in development and acceptance,Technological,Yes,Implemented,Security testing record
A.8.30 Outsourced development,Technological,Yes,Partial,Supplier assessment
A.8.31 Separation of development, test and production environments,Technological,Yes,Implemented,Environment controls
A.8.32 Change management,Technological,Yes,Implemented,P-016/PR-016
A.8.33 Test information,Technological,Yes,Implemented,Test data controls
A.8.34 Protection of information systems during audit testing,Technological,Yes,Implemented,Audit procedure